Sport,Discipline,Event
3x3 Basketball,NAN,Men
3x3 Basketball,NAN,Men Team
3x3 Basketball,NAN,Women
3x3 Basketball,NAN,Women Team
3x3 Basketball,NaN,Women Team
"3x3 Basketball, Basketball",NaN,Women
Aeronautics,NaN,Aeronautics Mixed Aeronautics
Alpinism,NAN,Alpinism Mixed Alpinism
Alpinism,NaN,Alpinism Mixed Alpinism
Aquatics,Artistic Swimming,Duet
Aquatics,Artistic Swimming,Duet Team
Aquatics,Artistic Swimming,Team
Aquatics,Diving,Diving Men's Plain High
Aquatics,Diving,Diving Men's Platform
Aquatics,Diving,Diving Men's Springboard
Aquatics,Diving,Diving Men's Synchronized Platform
Aquatics,Diving,Diving Men's Synchronized Springboard
Aquatics,Diving,Diving Women's Plain High
Aquatics,Diving,Diving Women's Platform
Aquatics,Diving,Diving Women's Springboard
Aquatics,Diving,Diving Women's Synchronized Platform
Aquatics,Diving,Diving Women's Synchronized Springboard
Aquatics,Diving,Men's 10m Platform
Aquatics,Diving,Men's 3m Springboard
Aquatics,Diving,Men's Synchronised 10m Platform
Aquatics,Diving,Men's Synchronised 10m Platform Team
Aquatics,Diving,Men's Synchronised 3m Springboard
Aquatics,Diving,Men's Synchronised 3m Springboard Team
Aquatics,Diving,Women's 10m Platform
Aquatics,Diving,Women's 3m Springboard
Aquatics,Diving,Women's Synchronised 10m Platform
Aquatics,Diving,Women's Synchronised 10m Platform Team
Aquatics,Diving,Women's Synchronised 3m Springboard
Aquatics,Diving,Women's Synchronised 3m Springboard Team
Aquatics,Marathon Swimming,Men's 10km
Aquatics,Marathon Swimming,Women's 10km
Aquatics,Swimming,Men's 100m Backstroke
Aquatics,Swimming,Men's 100m Breaststroke
Aquatics,Swimming,Men's 100m Butterfly
Aquatics,Swimming,Men's 100m Freestyle
Aquatics,Swimming,Men's 1500m Freestyle
Aquatics,Swimming,Men's 200m Backstroke
Aquatics,Swimming,Men's 200m Breaststroke
Aquatics,Swimming,Men's 200m Butterfly
Aquatics,Swimming,Men's 200m Freestyle
Aquatics,Swimming,Men's 200m Individual Medley
Aquatics,Swimming,Men's 4 x 100m Freestyle Relay
Aquatics,Swimming,Men's 4 x 100m Freestyle Relay Team
Aquatics,Swimming,Men's 4 x 100m Medley Relay
Aquatics,Swimming,Men's 4 x 100m Medley Relay Team
Aquatics,Swimming,Men's 4 x 200m Freestyle Relay
Aquatics,Swimming,Men's 4 x 200m Freestyle Relay Team
Aquatics,Swimming,Men's 400m Freestyle
Aquatics,Swimming,Men's 400m Individual Medley
Aquatics,Swimming,Men's 50m Freestyle
Aquatics,Swimming,Men's 800m Freestyle
Aquatics,Swimming,Mixed 4 x 100m Medley Relay
Aquatics,Swimming,Mixed 4 x 100m Medley Relay Team
Aquatics,Swimming,Relay Only Athlete
Aquatics,Swimming,"Swimming Men's 1,000 metres Freestyle"
Aquatics,Swimming,"Swimming Men's 1,200 metres Freestyle"
Aquatics,Swimming,"Swimming Men's 1,500 metres Freestyle"
Aquatics,Swimming,Swimming Men's 10 kilometres Open Water
Aquatics,Swimming,Swimming Men's 100 Yard Backstroke
Aquatics,Swimming,Swimming Men's 100 metres Backstroke
Aquatics,Swimming,Swimming Men's 100 metres Breaststroke
Aquatics,Swimming,Swimming Men's 100 metres Butterfly
Aquatics,Swimming,Swimming Men's 100 metres Freestyle
Aquatics,Swimming,Swimming Men's 100 metres Freestyle For Sailors
Aquatics,Swimming,Swimming Men's 100 yard Freestyle
Aquatics,Swimming,Swimming Men's 200 metres Backstroke
Aquatics,Swimming,Swimming Men's 200 metres Breaststroke
Aquatics,Swimming,Swimming Men's 200 metres Butterfly
Aquatics,Swimming,Swimming Men's 200 metres Freestyle
Aquatics,Swimming,Swimming Men's 200 metres Individual Medley
Aquatics,Swimming,Swimming Men's 200 metres Obstacle Course
Aquatics,Swimming,Swimming Men's 200 metres Team Swimming
Aquatics,Swimming,Swimming Men's 220 yard Freestyle
Aquatics,Swimming,Swimming Men's 4 x 100 metres Freestyle Relay
Aquatics,Swimming,Swimming Men's 4 x 100 metres Medley Relay
Aquatics,Swimming,Swimming Men's 4 x 200 metres Freestyle Relay
Aquatics,Swimming,Swimming Men's 4 x 250 metres Freestyle Relay
Aquatics,Swimming,Swimming Men's 4 x 50 Yard Freestyle Relay
Aquatics,Swimming,"Swimming Men's 4,000 metres Freestyle"
Aquatics,Swimming,Swimming Men's 400 metres Breaststroke
Aquatics,Swimming,Swimming Men's 400 metres Freestyle
Aquatics,Swimming,Swimming Men's 400 metres Individual Medley
Aquatics,Swimming,Swimming Men's 440 Yard Breaststroke
Aquatics,Swimming,Swimming Men's 440 yard Freestyle
Aquatics,Swimming,Swimming Men's 50 metres Freestyle
Aquatics,Swimming,Swimming Men's 50 yard Freestyle
Aquatics,Swimming,Swimming Men's 500 metres Freestyle
Aquatics,Swimming,Swimming Men's 880 yard Freestyle
Aquatics,Swimming,Swimming Men's One Mile Freestyle
Aquatics,Swimming,Swimming Men's Plunge For Distance
Aquatics,Swimming,Swimming Men's Underwater Swimming
Aquatics,Swimming,Swimming Women's 10 kilometres Open Water
Aquatics,Swimming,Swimming Women's 100 metres Backstroke
Aquatics,Swimming,Swimming Women's 100 metres Breaststroke
Aquatics,Swimming,Swimming Women's 100 metres Butterfly
Aquatics,Swimming,Swimming Women's 100 metres Freestyle
Aquatics,Swimming,Swimming Women's 200 metres Backstroke
Aquatics,Swimming,Swimming Women's 200 metres Breaststroke
Aquatics,Swimming,Swimming Women's 200 metres Butterfly
Aquatics,Swimming,Swimming Women's 200 metres Freestyle
Aquatics,Swimming,Swimming Women's 200 metres Individual Medley
Aquatics,Swimming,Swimming Women's 300 metres Freestyle
Aquatics,Swimming,Swimming Women's 4 x 100 metres Freestyle Relay
Aquatics,Swimming,Swimming Women's 4 x 100 metres Medley Relay
Aquatics,Swimming,Swimming Women's 4 x 200 metres Freestyle Relay
Aquatics,Swimming,Swimming Women's 400 metres Freestyle
Aquatics,Swimming,Swimming Women's 400 metres Individual Medley
Aquatics,Swimming,Swimming Women's 50 metres Freestyle
Aquatics,Swimming,Swimming Women's 800 metres Freestyle
Aquatics,Swimming,Women's 100m Backstroke
Aquatics,Swimming,Women's 100m Breaststroke
Aquatics,Swimming,Women's 100m Butterfly
Aquatics,Swimming,Women's 100m Freestyle
Aquatics,Swimming,Women's 1500m Freestyle
Aquatics,Swimming,Women's 200m Backstroke
Aquatics,Swimming,Women's 200m Breaststroke
Aquatics,Swimming,Women's 200m Butterfly
Aquatics,Swimming,Women's 200m Freestyle
Aquatics,Swimming,Women's 200m Individual Medley
Aquatics,Swimming,Women's 4 x 100m Freestyle Relay
Aquatics,Swimming,Women's 4 x 100m Freestyle Relay Team
Aquatics,Swimming,Women's 4 x 100m Medley Relay
Aquatics,Swimming,Women's 4 x 100m Medley Relay Team
Aquatics,Swimming,Women's 4 x 200m Freestyle Relay
Aquatics,Swimming,Women's 4 x 200m Freestyle Relay Team
Aquatics,Swimming,Women's 400m Freestyle
Aquatics,Swimming,Women's 400m Individual Medley
Aquatics,Swimming,Women's 50m Freestyle
Aquatics,Swimming,Women's 800m Freestyle
Aquatics,Water Polo,Men
Aquatics,Water Polo,Men Team
Aquatics,Water Polo,Water Polo Men's Water Polo
Aquatics,Water Polo,Water Polo Women's Water Polo
Aquatics,Water Polo,Women
Aquatics,Water Polo,Women Team
Archery,NAN,"Archery Men's Au Chapelet, 33 metres"
Archery,NAN,"Archery Men's Au Chapelet, 50 metres"
Archery,NAN,"Archery Men's Au Cordon Dore, 33 metres"
Archery,NAN,"Archery Men's Au Cordon Dore, 50 metres"
Archery,NAN,Archery Men's Championnat Du Monde
Archery,NAN,Archery Men's Continental Style
Archery,NAN,Archery Men's Double American Round
Archery,NAN,Archery Men's Double York Round
Archery,NAN,Archery Men's Individual
Archery,NAN,"Archery Men's Pole Archery, Large Birds, Individual"
Archery,NAN,"Archery Men's Pole Archery, Large Birds, Team"
Archery,NAN,"Archery Men's Pole Archery, Small Birds, Individual"
Archery,NAN,"Archery Men's Pole Archery, Small Birds, Team"
Archery,NAN,Archery Men's Sur La Perche a La Herse
Archery,NAN,Archery Men's Sur La Perche a La Pyramide
Archery,NAN,"Archery Men's Target Archery, 28 metres, Individual"
Archery,NAN,"Archery Men's Target Archery, 28 metres, Team"
Archery,NAN,"Archery Men's Target Archery, 33 metres, Individual"
Archery,NAN,"Archery Men's Target Archery, 33 metres, Team"
Archery,NAN,"Archery Men's Target Archery, 50 metres, Individual"
Archery,NAN,"Archery Men's Target Archery, 50 metres, Team"
Archery,NAN,Archery Men's Team
Archery,NAN,Archery Men's Team Round
Archery,NAN,Archery Men's Unknown Event
Archery,NAN,Archery Women's Double Columbia Round
Archery,NAN,Archery Women's Double National Round
Archery,NAN,Archery Women's Individual
Archery,NAN,Archery Women's Team
Archery,NAN,Archery Women's Team Round
Archery,NAN,Men's Individual
Archery,NAN,Men's Team
Archery,NAN,Mixed Team
Archery,NAN,Women's Individual
Archery,NAN,Women's Team
Art Competitions,NAN,Art Competitions Mixed Architecture
Art Competitions,NAN,"Art Competitions Mixed Architecture, Architectural Designs"
Art Competitions,NAN,"Art Competitions Mixed Architecture, Designs For Town Planning"
Art Competitions,NAN,"Art Competitions Mixed Architecture, Unknown Event"
Art Competitions,NAN,Art Competitions Mixed Literature
Art Competitions,NAN,"Art Competitions Mixed Literature, Dramatic Works"
Art Competitions,NAN,"Art Competitions Mixed Literature, Epic Works"
Art Competitions,NAN,"Art Competitions Mixed Literature, Lyric Works"
Art Competitions,NAN,"Art Competitions Mixed Literature, Unknown Event"
Art Competitions,NAN,Art Competitions Mixed Music
Art Competitions,NAN,"Art Competitions Mixed Music, Compositions For Orchestra"
Art Competitions,NAN,"Art Competitions Mixed Music, Compositions For Solo Or Chorus"
Art Competitions,NAN,"Art Competitions Mixed Music, Instrumental And Chamber"
Art Competitions,NAN,"Art Competitions Mixed Music, Unknown Event"
Art Competitions,NAN,"Art Competitions Mixed Music, Vocals"
Art Competitions,NAN,Art Competitions Mixed Painting
Art Competitions,NAN,"Art Competitions Mixed Painting, Applied Arts"
Art Competitions,NAN,"Art Competitions Mixed Painting, Drawings And Water Colors"
Art Competitions,NAN,"Art Competitions Mixed Painting, Graphic Arts"
Art Competitions,NAN,"Art Competitions Mixed Painting, Paintings"
Art Competitions,NAN,"Art Competitions Mixed Painting, Unknown Event"
Art Competitions,NAN,Art Competitions Mixed Sculpturing
Art Competitions,NAN,"Art Competitions Mixed Sculpturing, Medals"
Art Competitions,NAN,"Art Competitions Mixed Sculpturing, Medals And Plaques"
Art Competitions,NAN,"Art Competitions Mixed Sculpturing, Medals And Reliefs"
Art Competitions,NAN,"Art Competitions Mixed Sculpturing, Reliefs"
Art Competitions,NAN,"Art Competitions Mixed Sculpturing, Statues"
Art Competitions,NAN,"Art Competitions Mixed Sculpturing, Unknown Event"
Art Competitions,NAN,Art Competitions Mixed Unknown Event
Art Competitions,NaN,"Art Competitions Mixed Sculpturing, Unknown Event"
Artistic Gymnastics,NAN,Men
Artistic Gymnastics,NAN,Men's All-Around
Artistic Gymnastics,NAN,Men's Floor Exercise
Artistic Gymnastics,NAN,Men's Horizontal Bar
Artistic Gymnastics,NAN,Men's Parallel Bars
Artistic Gymnastics,NAN,Men's Pommel Horse
Artistic Gymnastics,NAN,Men's Rings
Artistic Gymnastics,NAN,Men's Team
Artistic Gymnastics,NAN,Men's Vault
Artistic Gymnastics,NAN,Women
Artistic Gymnastics,NAN,Women's All-Around
Artistic Gymnastics,NAN,Women's Balance Beam
Artistic Gymnastics,NAN,Women's Floor Exercise
Artistic Gymnastics,NAN,Women's Team
Artistic Gymnastics,NAN,Women's Uneven Bars
Artistic Gymnastics,NAN,Women's Vault
Artistic Gymnastics,NaN,Men's All-Around
Athletics,NAN,4 x 400m Relay Mixed
Athletics,NAN,4 x 400m Relay Mixed Team
Athletics,NAN,"Athletics Men's 1,500 metres"
Athletics,NAN,"Athletics Men's 1,500 metres Walk"
Athletics,NAN,"Athletics Men's 1,600 metres Medley Relay"
Athletics,NAN,Athletics Men's 10 kilometres Walk
Athletics,NAN,Athletics Men's 10 mile Walk
Athletics,NAN,"Athletics Men's 10,000 metres"
Athletics,NAN,Athletics Men's 100 metres
Athletics,NAN,Athletics Men's 110 metres Hurdles
Athletics,NAN,"Athletics Men's 2,500 metres Steeplechase"
Athletics,NAN,"Athletics Men's 2,590 metres Steeplechase"
Athletics,NAN,Athletics Men's 20 kilometres Walk
Athletics,NAN,Athletics Men's 200 metres
Athletics,NAN,Athletics Men's 200 metres Hurdles
Athletics,NAN,"Athletics Men's 3 mile, Team"
Athletics,NAN,"Athletics Men's 3,000 metres Steeplechase"
Athletics,NAN,"Athletics Men's 3,000 metres Walk"
Athletics,NAN,"Athletics Men's 3,000 metres, Team"
Athletics,NAN,"Athletics Men's 3,200 metres Steeplechase"
Athletics,NAN,"Athletics Men's 3,500 metres Walk"
Athletics,NAN,"Athletics Men's 4 mile, Team"
Athletics,NAN,Athletics Men's 4 x 100 metres Relay
Athletics,NAN,Athletics Men's 4 x 400 metres Relay
Athletics,NAN,"Athletics Men's 4,000 metres Steeplechase"
Athletics,NAN,Athletics Men's 400 metres
Athletics,NAN,Athletics Men's 400 metres Hurdles
Athletics,NAN,Athletics Men's 5 mile
Athletics,NAN,"Athletics Men's 5,000 metres"
Athletics,NAN,"Athletics Men's 5,000 metres, Team"
Athletics,NAN,Athletics Men's 50 kilometres Walk
Athletics,NAN,Athletics Men's 56-pound Weight Throw
Athletics,NAN,Athletics Men's 60 metres
Athletics,NAN,Athletics Men's 800 metres
Athletics,NAN,Athletics Men's All-Around Championship
Athletics,NAN,"Athletics Men's Cross-Country, Individual"
Athletics,NAN,"Athletics Men's Cross-Country, Team"
Athletics,NAN,Athletics Men's Decathlon
Athletics,NAN,Athletics Men's Discus Throw
Athletics,NAN,"Athletics Men's Discus Throw, Both Hands"
Athletics,NAN,"Athletics Men's Discus Throw, Greek Style"
Athletics,NAN,Athletics Men's Hammer Throw
Athletics,NAN,Athletics Men's High Jump
Athletics,NAN,Athletics Men's Javelin Throw
Athletics,NAN,"Athletics Men's Javelin Throw, Both Hands"
Athletics,NAN,"Athletics Men's Javelin Throw, Freestyle"
Athletics,NAN,Athletics Men's Long Jump
Athletics,NAN,Athletics Men's Marathon
Athletics,NAN,Athletics Men's Pentathlon
Athletics,NAN,Athletics Men's Pentathlon (Ancient)
Athletics,NAN,Athletics Men's Pole Vault
Athletics,NAN,Athletics Men's Shot Put
Athletics,NAN,"Athletics Men's Shot Put, Both Hands"
Athletics,NAN,Athletics Men's Standing High Jump
Athletics,NAN,Athletics Men's Standing Long Jump
Athletics,NAN,Athletics Men's Standing Triple Jump
Athletics,NAN,Athletics Men's Stone Throw
Athletics,NAN,Athletics Men's Triple Jump
Athletics,NAN,"Athletics Women's 1,500 metres"
Athletics,NAN,Athletics Women's 10 kilometres Walk
Athletics,NAN,"Athletics Women's 10,000 metres"
Athletics,NAN,Athletics Women's 100 metres
Athletics,NAN,Athletics Women's 100 metres Hurdles
Athletics,NAN,Athletics Women's 20 kilometres Walk
Athletics,NAN,Athletics Women's 200 metres
Athletics,NAN,"Athletics Women's 3,000 metres"
Athletics,NAN,"Athletics Women's 3,000 metres Steeplechase"
Athletics,NAN,Athletics Women's 4 x 100 metres Relay
Athletics,NAN,Athletics Women's 4 x 400 metres Relay
Athletics,NAN,Athletics Women's 400 metres
Athletics,NAN,Athletics Women's 400 metres Hurdles
Athletics,NAN,"Athletics Women's 5,000 metres"
Athletics,NAN,Athletics Women's 80 metres Hurdles
Athletics,NAN,Athletics Women's 800 metres
Athletics,NAN,Athletics Women's Discus Throw
Athletics,NAN,Athletics Women's Hammer Throw
Athletics,NAN,Athletics Women's Heptathlon
Athletics,NAN,Athletics Women's High Jump
Athletics,NAN,Athletics Women's Javelin Throw
Athletics,NAN,Athletics Women's Long Jump
Athletics,NAN,Athletics Women's Marathon
Athletics,NAN,Athletics Women's Pentathlon
Athletics,NAN,Athletics Women's Pole Vault
Athletics,NAN,Athletics Women's Shot Put
Athletics,NAN,Athletics Women's Triple Jump
Athletics,NAN,Marathon Race Walk Relay Mixed
Athletics,NAN,"Men's 10,000m"
Athletics,NAN,Men's 100m
Athletics,NAN,Men's 110m Hurdles
Athletics,NAN,Men's 1500m
Athletics,NAN,Men's 200m
Athletics,NAN,Men's 20km Race Walk
Athletics,NAN,Men's 3000m Steeplechase
Athletics,NAN,Men's 4 x 100m Relay
Athletics,NAN,Men's 4 x 100m Relay Team
Athletics,NAN,Men's 4 x 400m Relay
Athletics,NAN,Men's 4 x 400m Relay Team
Athletics,NAN,Men's 400m
Athletics,NAN,Men's 400m Hurdles
Athletics,NAN,Men's 5000m
Athletics,NAN,Men's 50km Race Walk
Athletics,NAN,Men's 800m
Athletics,NAN,Men's Decathlon
Athletics,NAN,Men's Discus Throw
Athletics,NAN,Men's Hammer Throw
Athletics,NAN,Men's High Jump
Athletics,NAN,Men's Javelin Throw
Athletics,NAN,Men's Long Jump
Athletics,NAN,Men's Marathon
Athletics,NAN,Men's Pole Vault
Athletics,NAN,Men's Shot Put
Athletics,NAN,Men's Triple Jump
Athletics,NAN,"Women's 10,000m"
Athletics,NAN,Women's 100m
Athletics,NAN,Women's 100m Hurdles
Athletics,NAN,Women's 1500m
Athletics,NAN,Women's 200m
Athletics,NAN,Women's 20km Race Walk
Athletics,NAN,Women's 3000m Steeplechase
Athletics,NAN,Women's 4 x 100m Relay
Athletics,NAN,Women's 4 x 100m Relay Team
Athletics,NAN,Women's 4 x 400m Relay
Athletics,NAN,Women's 4 x 400m Relay Team
Athletics,NAN,Women's 400m
Athletics,NAN,Women's 400m Hurdles
Athletics,NAN,Women's 5000m
Athletics,NAN,Women's 800m
Athletics,NAN,Women's Discus Throw
Athletics,NAN,Women's Hammer Throw
Athletics,NAN,Women's Heptathlon
Athletics,NAN,Women's High Jump
Athletics,NAN,Women's Javelin Throw
Athletics,NAN,Women's Long Jump
Athletics,NAN,Women's Marathon
Athletics,NAN,Women's Pole Vault
Athletics,NAN,Women's Shot Put
Athletics,NAN,Women's Triple Jump
Badminton,NAN,Badminton Men's Doubles
Badminton,NAN,Badminton Men's Singles
Badminton,NAN,Badminton Mixed Doubles
Badminton,NAN,Badminton Women's Doubles
Badminton,NAN,Badminton Women's Singles
Badminton,NAN,Men's Doubles
Badminton,NAN,Men's Doubles Team
Badminton,NAN,Men's Singles
Badminton,NAN,Mixed Doubles
Badminton,NAN,Mixed Doubles Team
Badminton,NAN,Women's Doubles
Badminton,NAN,Women's Doubles Team
Badminton,NAN,Women's Singles
Baseball and Softball,Baseball,Baseball Men's Baseball
Baseball and Softball,Softball,Softball Women's Softball
Baseball/Softball,NAN,Baseball Team
Baseball/Softball,NAN,Softball Team
Baseball/Softball,NaN,Softball Team
Basketball,NAN,Basketball Men's Basketball
Basketball,NAN,Basketball Women's Basketball
Basketball,NAN,Men
Basketball,NAN,Men Team
Basketball,NAN,Women
Basketball,NAN,Women Team
Basque Pelota,NAN,Basque Pelota Men's Two-Man Teams With Cesta
Beach Volleyball,NAN,Beach Volleyball Men's Beach Volleyball
Beach Volleyball,NAN,Beach Volleyball Women's Beach Volleyball
Beach Volleyball,NAN,Men
Beach Volleyball,NAN,Men Team
Beach Volleyball,NAN,Women
Beach Volleyball,NAN,Women Team
Beach Volleyball,NaN,Beach Volleyball Men's Beach Volleyball
Boxing,NAN,Boxing Men's Bantamweight
Boxing,NAN,Boxing Men's Featherweight
Boxing,NAN,Boxing Men's Flyweight
Boxing,NAN,Boxing Men's Heavyweight
Boxing,NAN,Boxing Men's Light-Flyweight
Boxing,NAN,Boxing Men's Light-Heavyweight
Boxing,NAN,Boxing Men's Light-Middleweight
Boxing,NAN,Boxing Men's Light-Welterweight
Boxing,NAN,Boxing Men's Lightweight
Boxing,NAN,Boxing Men's Middleweight
Boxing,NAN,Boxing Men's Super-Heavyweight
Boxing,NAN,Boxing Men's Welterweight
Boxing,NAN,Boxing Women's Flyweight
Boxing,NAN,Boxing Women's Lightweight
Boxing,NAN,Boxing Women's Middleweight
Boxing,NAN,Men's +92kg
Boxing,NAN,Men's 51kg
Boxing,NAN,Men's 57kg
Boxing,NAN,Men's 63.5kg
Boxing,NAN,Men's 71kg
Boxing,NAN,Men's 80kg
Boxing,NAN,Men's 92kg
Boxing,NAN,Men's Feather (52-57kg)
Boxing,NAN,Men's Fly (48-52kg)
Boxing,NAN,Men's Heavy (81-91kg)
Boxing,NAN,Men's Light (57-63kg)
Boxing,NAN,Men's Light Heavy (75-81kg)
Boxing,NAN,Men's Middle (69-75kg)
Boxing,NAN,Men's Super Heavy (+91kg)
Boxing,NAN,Men's Welter (63-69kg)
Boxing,NAN,Women's 50kg
Boxing,NAN,Women's 54kg
Boxing,NAN,Women's 57kg
Boxing,NAN,Women's 60kg
Boxing,NAN,Women's 66kg
Boxing,NAN,Women's 75kg
Boxing,NAN,Women's Feather (54-57kg)
Boxing,NAN,Women's Fly (48-51kg)
Boxing,NAN,Women's Light (57-60kg)
Boxing,NAN,Women's Middle (69-75kg)
Boxing,NAN,Women's Welter (64-69kg)
Breaking,NAN,B-Boys
Breaking,NAN,B-Girls
Canoe Slalom,NAN,Men's Canoe
Canoe Slalom,NAN,Men's Canoe Single
Canoe Slalom,NAN,Men's Kayak
Canoe Slalom,NAN,Men's Kayak Cross
Canoe Slalom,NAN,Men's Kayak Single
Canoe Slalom,NAN,Women's Canoe
Canoe Slalom,NAN,Women's Canoe Single
Canoe Slalom,NAN,Women's Kayak
Canoe Slalom,NAN,Women's Kayak Cross
Canoe Slalom,NAN,Women's Kayak Single
Canoe Slalom,NaN,Men's Kayak
Canoe Sprint,NAN,Men's Canoe Double 1000m Team
Canoe Sprint,NAN,Men's Canoe Double 500m
Canoe Sprint,NAN,Men's Canoe Single 1000m
Canoe Sprint,NAN,Men's Kayak Double 1000m Team
Canoe Sprint,NAN,Men's Kayak Double 500m
Canoe Sprint,NAN,Men's Kayak Four 500m
Canoe Sprint,NAN,Men's Kayak Four 500m Team
Canoe Sprint,NAN,Men's Kayak Single 1000m
Canoe Sprint,NAN,Men's Kayak Single 200m
Canoe Sprint,NAN,Women's Canoe Double 500m
Canoe Sprint,NAN,Women's Canoe Double 500m Team
Canoe Sprint,NAN,Women's Canoe Single 200m
Canoe Sprint,NAN,Women's Kayak Double 500m
Canoe Sprint,NAN,Women's Kayak Double 500m Team
Canoe Sprint,NAN,Women's Kayak Four 500m
Canoe Sprint,NAN,Women's Kayak Four 500m Team
Canoe Sprint,NAN,Women's Kayak Single 200m
Canoe Sprint,NAN,Women's Kayak Single 500m
Canoe Sprint,NaN,Men's Canoe Single 1000m
Canoeing,NAN,"Canoeing Men's Canadian Doubles, 1,000 metres"
Canoeing,NAN,"Canoeing Men's Canadian Doubles, 10,000 metres"
Canoeing,NAN,"Canoeing Men's Canadian Doubles, 500 metres"
Canoeing,NAN,"Canoeing Men's Canadian Doubles, Slalom"
Canoeing,NAN,"Canoeing Men's Canadian Singles, 1,000 metres"
Canoeing,NAN,"Canoeing Men's Canadian Singles, 10,000 metres"
Canoeing,NAN,"Canoeing Men's Canadian Singles, 200 metres"
Canoeing,NAN,"Canoeing Men's Canadian Singles, 500 metres"
Canoeing,NAN,"Canoeing Men's Canadian Singles, Slalom"
Canoeing,NAN,"Canoeing Men's Folding Kayak Doubles, 10 kilometres"
Canoeing,NAN,"Canoeing Men's Folding Kayak Singles, 10 kilometres"
Canoeing,NAN,"Canoeing Men's Kayak Doubles, 1,000 metres"
Canoeing,NAN,"Canoeing Men's Kayak Doubles, 10,000 metres"
Canoeing,NAN,"Canoeing Men's Kayak Doubles, 200 metres"
Canoeing,NAN,"Canoeing Men's Kayak Doubles, 500 metres"
Canoeing,NAN,"Canoeing Men's Kayak Fours, 1,000 metres"
Canoeing,NAN,Canoeing Men's Kayak Relay 4 x 500 metres
Canoeing,NAN,"Canoeing Men's Kayak Singles, 1,000 metres"
Canoeing,NAN,"Canoeing Men's Kayak Singles, 10,000 metres"
Canoeing,NAN,"Canoeing Men's Kayak Singles, 200 metres"
Canoeing,NAN,"Canoeing Men's Kayak Singles, 500 metres"
Canoeing,NAN,"Canoeing Men's Kayak Singles, Slalom"
Canoeing,NAN,"Canoeing Women's Kayak Doubles, 500 metres"
Canoeing,NAN,"Canoeing Women's Kayak Fours, 500 metres"
Canoeing,NAN,"Canoeing Women's Kayak Singles, 200 metres"
Canoeing,NAN,"Canoeing Women's Kayak Singles, 500 metres"
Canoeing,NAN,"Canoeing Women's Kayak Singles, Slalom"
Cricket,NAN,Cricket Men's Cricket
Croquet,NAN,Croquet Mixed Doubles
Croquet,NAN,"Croquet Mixed Singles, One Ball"
Croquet,NAN,"Croquet Mixed Singles, Two Balls"
Cycling,NAN,Cycling Men's 1 mile
Cycling,NAN,"Cycling Men's 1,000 metres Time Trial"
Cycling,NAN,Cycling Men's 1/2 mile
Cycling,NAN,Cycling Men's 1/3 mile
Cycling,NAN,Cycling Men's 1/4 mile
Cycling,NAN,"Cycling Men's 10,000 metres"
Cycling,NAN,Cycling Men's 100 kilometres
Cycling,NAN,Cycling Men's 100 kilometres Team Time Trial
Cycling,NAN,Cycling Men's 12-Hours Race
Cycling,NAN,Cycling Men's 2 mile
Cycling,NAN,Cycling Men's 20 kilometres
Cycling,NAN,Cycling Men's 25 kilometres
Cycling,NAN,Cycling Men's 25 mile
Cycling,NAN,Cycling Men's 333 metres Time Trial
Cycling,NAN,Cycling Men's 5 mile
Cycling,NAN,"Cycling Men's 5,000 metres"
Cycling,NAN,Cycling Men's 50 kilometres
Cycling,NAN,Cycling Men's BMX
Cycling,NAN,"Cycling Men's Individual Pursuit, 4,000 metres"
Cycling,NAN,Cycling Men's Individual Time Trial
Cycling,NAN,Cycling Men's Keirin
Cycling,NAN,Cycling Men's Madison
Cycling,NAN,"Cycling Men's Mountainbike, Cross-Country"
Cycling,NAN,Cycling Men's Omnium
Cycling,NAN,Cycling Men's Points Race
Cycling,NAN,"Cycling Men's Road Race, Individual"
Cycling,NAN,"Cycling Men's Road Race, Team"
Cycling,NAN,Cycling Men's Sprint
Cycling,NAN,"Cycling Men's Tandem Sprint, 2,000 metres"
Cycling,NAN,"Cycling Men's Team Pursuit, 1,980 yards"
Cycling,NAN,"Cycling Men's Team Pursuit, 4,000 metres"
Cycling,NAN,Cycling Men's Team Sprint
Cycling,NAN,Cycling Women's 500 metres Time Trial
Cycling,NAN,Cycling Women's BMX
Cycling,NAN,"Cycling Women's Individual Pursuit, 3,000 metres"
Cycling,NAN,Cycling Women's Individual Time Trial
Cycling,NAN,Cycling Women's Keirin
Cycling,NAN,"Cycling Women's Mountainbike, Cross-Country"
Cycling,NAN,Cycling Women's Omnium
Cycling,NAN,Cycling Women's Points Race
Cycling,NAN,"Cycling Women's Road Race, Individual"
Cycling,NAN,Cycling Women's Sprint
Cycling,NAN,Cycling Women's Team Pursuit
Cycling,NAN,Cycling Women's Team Sprint
Cycling BMX Freestyle,NAN,Men's Park
Cycling BMX Freestyle,NAN,Women's Park
Cycling BMX Freestyle,NaN,Women's Park
Cycling BMX Racing,NAN,Men
Cycling BMX Racing,NAN,Women
Cycling BMX Racing,NaN,Women
Cycling Mountain Bike,NAN,Men's Cross-country
Cycling Mountain Bike,NAN,Women's Cross-country
Cycling Mountain Bike,NaN,Men's Cross-country
Cycling Road,NAN,Men's Individual Time Trial
Cycling Road,NAN,Men's Road Race
Cycling Road,NAN,Women's Individual Time Trial
Cycling Road,NAN,Women's Road Race
Cycling Road,NaN,Women's Road Race
"Cycling Road, Cycling Mountain Bike",NAN,Men's Cross-country
"Cycling Road, Cycling Mountain Bike",NAN,Men's Road Race
"Cycling Road, Cycling Mountain Bike",NAN,Women's Cross-country
"Cycling Road, Cycling Mountain Bike",NaN,Women's Road Race
"Cycling Road, Cycling Track",NAN,Men's Individual Time Trial
"Cycling Road, Cycling Track",NAN,Men's Madison
"Cycling Road, Cycling Track",NAN,Men's Omnium
"Cycling Road, Cycling Track",NAN,Men's Road Race
"Cycling Road, Cycling Track",NAN,Men's Team Pursuit
"Cycling Road, Cycling Track",NAN,Women's Individual Time Trial
"Cycling Road, Cycling Track",NAN,Women's Keirin
"Cycling Road, Cycling Track",NAN,Women's Madison
"Cycling Road, Cycling Track",NAN,Women's Omnium
"Cycling Road, Cycling Track",NAN,Women's Road Race
"Cycling Road, Cycling Track",NAN,Women's Sprint
"Cycling Road, Cycling Track",NAN,Women's Team Pursuit
"Cycling Road, Cycling Track",NaN,Women's Road Race
"Cycling Road, Triathlon",NAN,Women's Individual
"Cycling Road, Triathlon",NaN,Women's Individual Time Trial
Cycling Track,NAN,Men's Keirin
Cycling Track,NAN,Men's Madison
Cycling Track,NAN,Men's Madison Team
Cycling Track,NAN,Men's Omnium
Cycling Track,NAN,Men's Sprint
Cycling Track,NAN,Men's Team Pursuit
Cycling Track,NAN,Men's Team Pursuit Team
Cycling Track,NAN,Men's Team Sprint
Cycling Track,NAN,Men's Team Sprint Team
Cycling Track,NAN,Women's Keirin
Cycling Track,NAN,Women's Madison
Cycling Track,NAN,Women's Madison Team
Cycling Track,NAN,Women's Omnium
Cycling Track,NAN,Women's Sprint
Cycling Track,NAN,Women's Team Pursuit
Cycling Track,NAN,Women's Team Pursuit Team
Cycling Track,NAN,Women's Team Sprint
Cycling Track,NAN,Women's Team Sprint Team
Cycling Track,NaN,Women's Team Pursuit Team
Equestrian,NAN,Dressage Individual
Equestrian,NAN,Dressage Team
Equestrian,NAN,Eventing Individual
Equestrian,NAN,Eventing Team
Equestrian,NAN,Jumping Individual
Equestrian,NAN,Jumping Team
Equestrianism,NAN,"Equestrianism Men's Dressage, Individual"
Equestrianism,NAN,"Equestrianism Men's Dressage, Team"
Equestrianism,NAN,"Equestrianism Men's Jumping, Individual"
Equestrianism,NAN,"Equestrianism Men's Jumping, Team"
Equestrianism,NAN,"Equestrianism Men's Three-Day Event, Individual"
Equestrianism,NAN,"Equestrianism Men's Three-Day Event, Team"
Equestrianism,NAN,"Equestrianism Men's Vaulting, Individual"
Equestrianism,NAN,"Equestrianism Men's Vaulting, Team"
Equestrianism,NAN,"Equestrianism Mixed Dressage, Individual"
Equestrianism,NAN,"Equestrianism Mixed Dressage, Team"
Equestrianism,NAN,Equestrianism Mixed Four-In-Hand Competition
Equestrianism,NAN,Equestrianism Mixed Hacks And Hunter Combined
Equestrianism,NAN,Equestrianism Mixed High Jump
Equestrianism,NAN,"Equestrianism Mixed Jumping, Individual"
Equestrianism,NAN,"Equestrianism Mixed Jumping, Team"
Equestrianism,NAN,Equestrianism Mixed Long Jump
Equestrianism,NAN,"Equestrianism Mixed Three-Day Event, Individual"
Equestrianism,NAN,"Equestrianism Mixed Three-Day Event, Team"
Equestrianism,NaN,"Equestrianism Mixed Jumping, Individual"
Fencing,NAN,"Fencing Men's Foil, Individual"
Fencing,NAN,"Fencing Men's Foil, Masters, Individual"
Fencing,NAN,"Fencing Men's Foil, Team"
Fencing,NAN,"Fencing Men's Sabre, Individual"
Fencing,NAN,"Fencing Men's Sabre, Individual, Three Hits"
Fencing,NAN,"Fencing Men's Sabre, Masters, Individual"
Fencing,NAN,"Fencing Men's Sabre, Team"
Fencing,NAN,"Fencing Men's Single Sticks, Individual"
Fencing,NAN,"Fencing Men's epee, Individual"
Fencing,NAN,"Fencing Men's epee, Masters and Amateurs, Individual"
Fencing,NAN,"Fencing Men's epee, Masters, Individual"
Fencing,NAN,"Fencing Men's epee, Team"
Fencing,NAN,"Fencing Women's Foil, Individual"
Fencing,NAN,"Fencing Women's Foil, Team"
Fencing,NAN,"Fencing Women's Sabre, Individual"
Fencing,NAN,"Fencing Women's Sabre, Team"
Fencing,NAN,"Fencing Women's epee, Individual"
Fencing,NAN,"Fencing Women's epee, Team"
Fencing,NAN,Men's Foil Individual
Fencing,NAN,Men's Foil Team
Fencing,NAN,Men's Sabre Individual
Fencing,NAN,Men's Sabre Team
Fencing,NAN,Men's Épée Individual
Fencing,NAN,Men's Épée Team
Fencing,NAN,Women's Foil Individual
Fencing,NAN,Women's Foil Team
Fencing,NAN,Women's Sabre Individual
Fencing,NAN,Women's Sabre Team
Fencing,NAN,Women's Épée Individual
Fencing,NAN,Women's Épée Team
Figure Skating,NAN,Figure Skating Men's Singles
Figure Skating,NAN,Figure Skating Men's Special Figures
Figure Skating,NAN,Figure Skating Mixed Pairs
Figure Skating,NAN,Figure Skating Women's Singles
Figure Skating,NaN,Figure Skating Men's Singles
Football,NAN,Football Men's Football
Football,NAN,Football Women's Football
Football,NAN,Men
Football,NAN,Men Team
Football,NAN,Women
Football,NAN,Women Team
Golf,NAN,Golf Men's Individual
Golf,NAN,Golf Men's Team
Golf,NAN,Golf Women's Individual
Golf,NAN,Men's Individual Stroke Play
Golf,NAN,Women's Individual Stroke Play
Gymnastics,NAN,Gymnastics Men's Club Swinging
Gymnastics,NAN,Gymnastics Men's Floor Exercise
Gymnastics,NAN,Gymnastics Men's Horizontal Bar
Gymnastics,NAN,"Gymnastics Men's Horizontal Bar, Teams"
Gymnastics,NAN,Gymnastics Men's Horse Vault
Gymnastics,NAN,Gymnastics Men's Individual All-Around
Gymnastics,NAN,"Gymnastics Men's Individual All-Around, 4 Events"
Gymnastics,NAN,"Gymnastics Men's Individual All-Around, 5 Events"
Gymnastics,NAN,"Gymnastics Men's Individual All-Around, Apparatus Work"
Gymnastics,NAN,"Gymnastics Men's Individual All-Around, Field Sports"
Gymnastics,NAN,Gymnastics Men's Parallel Bars
Gymnastics,NAN,"Gymnastics Men's Parallel Bars, Teams"
Gymnastics,NAN,Gymnastics Men's Pommelled Horse
Gymnastics,NAN,Gymnastics Men's Rings
Gymnastics,NAN,Gymnastics Men's Rope Climbing
Gymnastics,NAN,Gymnastics Men's Side Horse
Gymnastics,NAN,Gymnastics Men's Team All-Around
Gymnastics,NAN,"Gymnastics Men's Team All-Around, Free System"
Gymnastics,NAN,"Gymnastics Men's Team All-Around, Swedish System"
Gymnastics,NAN,Gymnastics Men's Tumbling
Gymnastics,NAN,Gymnastics Women's Balance Beam
Gymnastics,NAN,Gymnastics Women's Floor Exercise
Gymnastics,NAN,Gymnastics Women's Horse Vault
Gymnastics,NAN,Gymnastics Women's Individual All-Around
Gymnastics,NAN,Gymnastics Women's Team All-Around
Gymnastics,NAN,Gymnastics Women's Team Portable Apparatus
Gymnastics,NAN,Gymnastics Women's Uneven Bars
Handball,NAN,Handball Men's Handball
Handball,NAN,Handball Women's Handball
Handball,NAN,Men
Handball,NAN,Men Team
Handball,NAN,Women
Handball,NAN,Women Team
Hockey,NAN,Hockey Men's Hockey
Hockey,NAN,Hockey Women's Hockey
Hockey,NAN,Men
Hockey,NAN,Men Team
Hockey,NAN,Women
Hockey,NAN,Women Team
Hockey,NaN,Hockey Women's Hockey
Ice Hockey,NAN,Ice Hockey Men's Ice Hockey
Jeu De Paume,NAN,Jeu De Paume Men's Singles
Jeu De Paume,NaN,Jeu De Paume Men's Singles
Judo,NAN,Judo Men's Extra-Lightweight
Judo,NAN,Judo Men's Half-Heavyweight
Judo,NAN,Judo Men's Half-Lightweight
Judo,NAN,Judo Men's Half-Middleweight
Judo,NAN,Judo Men's Heavyweight
Judo,NAN,Judo Men's Lightweight
Judo,NAN,Judo Men's Middleweight
Judo,NAN,Judo Men's Open Class
Judo,NAN,Judo Women's Extra-Lightweight
Judo,NAN,Judo Women's Half-Heavyweight
Judo,NAN,Judo Women's Half-Lightweight
Judo,NAN,Judo Women's Half-Middleweight
Judo,NAN,Judo Women's Heavyweight
Judo,NAN,Judo Women's Lightweight
Judo,NAN,Judo Women's Middleweight
Judo,NAN,Men +100 kg
Judo,NAN,Men -100 kg
Judo,NAN,Men -60 kg
Judo,NAN,Men -66 kg
Judo,NAN,Men -73 kg
Judo,NAN,Men -81 kg
Judo,NAN,Men -90 kg
Judo,NAN,Mixed Team
Judo,NAN,Women +78 kg
Judo,NAN,Women -48 kg
Judo,NAN,Women -52 kg
Judo,NAN,Women -57 kg
Judo,NAN,Women -63 kg
Judo,NAN,Women -70 kg
Judo,NAN,Women -78 kg
Karate,NAN,Men's Kata
Karate,NAN,Men's Kumite +75kg
Karate,NAN,Men's Kumite -67kg
Karate,NAN,Men's Kumite -75kg
Karate,NAN,Women's Kata
Karate,NAN,Women's Kumite +61kg
Karate,NAN,Women's Kumite -55kg
Karate,NAN,Women's Kumite -61kg
Lacrosse,NAN,Lacrosse Men's Lacrosse
"Marathon Swimming, Swimming",NAN,Men's 10km
"Marathon Swimming, Swimming",NAN,Men's 1500m Freestyle
"Marathon Swimming, Swimming",NAN,Men's 200m Freestyle
"Marathon Swimming, Swimming",NAN,Men's 4 x 200m Freestyle Relay
"Marathon Swimming, Swimming",NAN,Men's 400m Freestyle
"Marathon Swimming, Swimming",NAN,Men's 800m Freestyle
"Marathon Swimming, Swimming",NAN,Women's 10km
"Marathon Swimming, Swimming",NAN,Women's 1500m Freestyle
"Marathon Swimming, Swimming",NAN,Women's 400m Freestyle
"Marathon Swimming, Swimming",NAN,Women's 400m Individual Medley
"Marathon Swimming, Swimming",NaN,Men's 10km
Modern Pentathlon,NAN,Men's Individual
Modern Pentathlon,NAN,Modern Pentathlon Men's Individual
Modern Pentathlon,NAN,Modern Pentathlon Men's Team
Modern Pentathlon,NAN,Modern Pentathlon Women's Individual
Modern Pentathlon,NAN,Women's Individual
Motorboating,NAN,Motorboating Mixed A-Class (Open)
Motorboating,NAN,Motorboating Mixed B-Class (Under 60 Feet)
Motorboating,NAN,Motorboating Mixed C-Class
Motorboating,NaN,Motorboating Mixed A-Class (Open)
Polo,NAN,Polo Men's Polo
Racquets,NAN,Racquets Men's Doubles
Racquets,NAN,Racquets Men's Singles
Racquets,NaN,Racquets Men's Singles
Rhythmic Gymnastics,NAN,Group All-Around
Rhythmic Gymnastics,NAN,Group All-Around Team
Rhythmic Gymnastics,NAN,Individual All-Around
Rhythmic Gymnastics,NAN,Rhythmic Gymnastics Women's Group
Rhythmic Gymnastics,NAN,Rhythmic Gymnastics Women's Individual
Rhythmic Gymnastics,NaN,Rhythmic Gymnastics Women's Group
Roque,NAN,Roque Men's Singles
Rowing,NAN,Lightweight Men's Double Sculls
Rowing,NAN,Lightweight Men's Double Sculls Team
Rowing,NAN,Lightweight Women's Double Sculls
Rowing,NAN,Lightweight Women's Double Sculls Team
Rowing,NAN,Men's Double Sculls
Rowing,NAN,Men's Double Sculls Team
Rowing,NAN,Men's Eight
Rowing,NAN,Men's Eight Team
Rowing,NAN,Men's Four
Rowing,NAN,Men's Four Team
Rowing,NAN,Men's Pair
Rowing,NAN,Men's Pair Team
Rowing,NAN,Men's Quadruple Sculls
Rowing,NAN,Men's Quadruple Sculls Team
Rowing,NAN,Men's Single Sculls
Rowing,NAN,Rowing Men's 17-Man Naval Rowing Boats
Rowing,NAN,Rowing Men's 6-Man Naval Rowing Boats
Rowing,NAN,Rowing Men's Coxed Eights
Rowing,NAN,Rowing Men's Coxed Fours
Rowing,NAN,"Rowing Men's Coxed Fours, Inriggers"
Rowing,NAN,"Rowing Men's Coxed Fours, Outriggers"
Rowing,NAN,Rowing Men's Coxed Pairs
Rowing,NAN,Rowing Men's Coxed Pairs (1 kilometres)
Rowing,NAN,Rowing Men's Coxed Pairs (1 mile)
Rowing,NAN,Rowing Men's Coxless Fours
Rowing,NAN,Rowing Men's Coxless Pairs
Rowing,NAN,Rowing Men's Double Sculls
Rowing,NAN,Rowing Men's Lightweight Coxless Fours
Rowing,NAN,Rowing Men's Lightweight Double Sculls
Rowing,NAN,Rowing Men's Quadruple Sculls
Rowing,NAN,Rowing Men's Single Sculls
Rowing,NAN,Rowing Women's Coxed Eights
Rowing,NAN,Rowing Women's Coxed Fours
Rowing,NAN,Rowing Women's Coxed Quadruple Sculls
Rowing,NAN,Rowing Women's Coxless Fours
Rowing,NAN,Rowing Women's Coxless Pairs
Rowing,NAN,Rowing Women's Double Sculls
Rowing,NAN,Rowing Women's Lightweight Double Sculls
Rowing,NAN,Rowing Women's Quadruple Sculls
Rowing,NAN,Rowing Women's Single Sculls
Rowing,NAN,Women's Double Sculls
Rowing,NAN,Women's Double Sculls Team
Rowing,NAN,Women's Eight
Rowing,NAN,Women's Eight Team
Rowing,NAN,Women's Four
Rowing,NAN,Women's Four Team
Rowing,NAN,Women's Pair
Rowing,NAN,Women's Pair Team
Rowing,NAN,Women's Quadruple Sculls
Rowing,NAN,Women's Quadruple Sculls Team
Rowing,NAN,Women's Single Sculls
Rugby,NAN,Rugby Men's Rugby
Rugby Sevens,NAN,Men
Rugby Sevens,NAN,Men Team
Rugby Sevens,NAN,Rugby Sevens Men's Rugby Sevens
Rugby Sevens,NAN,Rugby Sevens Women's Rugby Sevens
Rugby Sevens,NAN,Women
Rugby Sevens,NAN,Women Team
Rugby Sevens,NaN,Rugby Sevens Women's Rugby Sevens
Sailing,NAN,Men's Dinghy
Sailing,NAN,Men's Kite
Sailing,NAN,Men's One Person Dinghy (Heavyweight) - Finn
Sailing,NAN,Men's One Person Dinghy - Laser
Sailing,NAN,Men's Skiff
Sailing,NAN,Men's Skiff - 49er Team
Sailing,NAN,Men's Two Person Dinghy - 470 Team
Sailing,NAN,Men's Windsurfer - RS:X
Sailing,NAN,Men's Windsurfing
Sailing,NAN,Mixed Dinghy
Sailing,NAN,Mixed Multihull
Sailing,NAN,Mixed Multihull - Nacra 17 Foiling Team
Sailing,NAN,Sailing Men's One Person Dinghy
Sailing,NAN,Sailing Men's One Person Heavyweight Dinghy
Sailing,NAN,Sailing Men's Skiff
Sailing,NAN,Sailing Men's Two Person Dinghy
Sailing,NAN,Sailing Men's Two Person Keelboat
Sailing,NAN,Sailing Men's Windsurfer
Sailing,NAN,Sailing Mixed 0-0.5 Ton
Sailing,NAN,Sailing Mixed 0.5-1 Ton
Sailing,NAN,Sailing Mixed 1-2 Ton
Sailing,NAN,Sailing Mixed 10 metres
Sailing,NAN,Sailing Mixed 10-20 Ton
Sailing,NAN,Sailing Mixed 12 foot
Sailing,NAN,Sailing Mixed 12 metres
Sailing,NAN,Sailing Mixed 18 foot
Sailing,NAN,Sailing Mixed 2-3 Ton
Sailing,NAN,Sailing Mixed 20+ Ton
Sailing,NAN,Sailing Mixed 3-10 Ton
Sailing,NAN,Sailing Mixed 30 metres
Sailing,NAN,Sailing Mixed 40 metres
Sailing,NAN,Sailing Mixed 5.5 metres
Sailing,NAN,Sailing Mixed 6 metres
Sailing,NAN,Sailing Mixed 6.5 metres
Sailing,NAN,Sailing Mixed 7 metres
Sailing,NAN,Sailing Mixed 8 metres
Sailing,NAN,Sailing Mixed Multihull
Sailing,NAN,Sailing Mixed One Person Dinghy
Sailing,NAN,Sailing Mixed Open
Sailing,NAN,Sailing Mixed Skiff
Sailing,NAN,Sailing Mixed Three Person Keelboat
Sailing,NAN,Sailing Mixed Two Person Dinghy
Sailing,NAN,Sailing Mixed Two Person Heavyweight Dinghy
Sailing,NAN,Sailing Mixed Two Person Keelboat
Sailing,NAN,Sailing Mixed Windsurfer
Sailing,NAN,Sailing Women's One Person Dinghy
Sailing,NAN,Sailing Women's Skiff
Sailing,NAN,Sailing Women's Three Person Keelboat
Sailing,NAN,Sailing Women's Two Person Dinghy
Sailing,NAN,Sailing Women's Windsurfer
Sailing,NAN,Women's Dinghy
Sailing,NAN,Women's Kite
Sailing,NAN,Women's One Person Dinghy - Laser Radial
Sailing,NAN,Women's Skiff
Sailing,NAN,Women's Skiff - 49er  Team
Sailing,NAN,Women's Two Person Dinghy - 470 Team
Sailing,NAN,Women's Windsurfer - RS:X
Sailing,NAN,Women's Windsurfing
Shooting,NAN,10m Air Pistol Men
Shooting,NAN,10m Air Pistol Mixed Team
Shooting,NAN,10m Air Pistol Women
Shooting,NAN,10m Air Rifle Men
Shooting,NAN,10m Air Rifle Mixed Team
Shooting,NAN,10m Air Rifle Women
Shooting,NAN,25m Pistol Women
Shooting,NAN,25m Rapid Fire Pistol Men
Shooting,NAN,50m Rifle 3 Positions Men
Shooting,NAN,50m Rifle 3 Positions Women
Shooting,NAN,"Shooting Men's Air Pistol, 10 metres"
Shooting,NAN,"Shooting Men's Air Rifle, 10 metres"
Shooting,NAN,Shooting Men's Double Trap
Shooting,NAN,"Shooting Men's Dueling Pistol Au Commandement, 25 metres"
Shooting,NAN,Shooting Men's Dueling Pistol Au Vise 20 metres
Shooting,NAN,"Shooting Men's Dueling Pistol, 30 metres"
Shooting,NAN,"Shooting Men's Dueling Pistol, 30 metres, Team"
Shooting,NAN,"Shooting Men's Free Pistol, 25 metres"
Shooting,NAN,"Shooting Men's Free Pistol, 30 metres"
Shooting,NAN,"Shooting Men's Free Pistol, 50 metres"
Shooting,NAN,"Shooting Men's Free Pistol, 50 metres, Team"
Shooting,NAN,"Shooting Men's Free Pistol, 50 yards"
Shooting,NAN,"Shooting Men's Free Pistol, 50 yards, Team"
Shooting,NAN,"Shooting Men's Free Rifle, 1,000 Yards"
Shooting,NAN,"Shooting Men's Free Rifle, 400, 600 and 800 metres, Team"
Shooting,NAN,"Shooting Men's Free Rifle, Any Position, 300 metres"
Shooting,NAN,"Shooting Men's Free Rifle, Kneeling, 300 metres"
Shooting,NAN,"Shooting Men's Free Rifle, Prone, 300 metres"
Shooting,NAN,"Shooting Men's Free Rifle, Prone, 600 metres"
Shooting,NAN,"Shooting Men's Free Rifle, Standing, 300 metres"
Shooting,NAN,"Shooting Men's Free Rifle, Three Positions, 300 metres"
Shooting,NAN,"Shooting Men's Free Rifle, Three Positions, 300 metres, Team"
Shooting,NAN,"Shooting Men's Military Pistol, 25 metres"
Shooting,NAN,"Shooting Men's Military Pistol, 30 metres"
Shooting,NAN,"Shooting Men's Military Pistol, Team"
Shooting,NAN,"Shooting Men's Military Revolver, 1873-1874 Gras Model, 20 metres"
Shooting,NAN,"Shooting Men's Military Revolver, 20 metres"
Shooting,NAN,"Shooting Men's Military Rifle, 1873-1874 Gras Model, Kneeling Or Standing, 200 metres"
Shooting,NAN,"Shooting Men's Military Rifle, 200 metres"
Shooting,NAN,"Shooting Men's Military Rifle, 200, 400, 500 and 600 metres, Team"
Shooting,NAN,"Shooting Men's Military Rifle, 200/500/600/800/900/1,000 Yards, Team"
Shooting,NAN,"Shooting Men's Military Rifle, 300 metres and 600 metres, Prone, Team"
Shooting,NAN,"Shooting Men's Military Rifle, Any Position, 600 metres"
Shooting,NAN,"Shooting Men's Military Rifle, Kneeling Or Standing, 300 metres"
Shooting,NAN,"Shooting Men's Military Rifle, Prone, 300 metres"
Shooting,NAN,"Shooting Men's Military Rifle, Prone, 300 metres, Team"
Shooting,NAN,"Shooting Men's Military Rifle, Prone, 600 metres"
Shooting,NAN,"Shooting Men's Military Rifle, Prone, 600 metres, Team"
Shooting,NAN,"Shooting Men's Military Rifle, Standing, 300 metres"
Shooting,NAN,"Shooting Men's Military Rifle, Standing, 300 metres, Team"
Shooting,NAN,"Shooting Men's Military Rifle, Three Positions, 300 metres"
Shooting,NAN,"Shooting Men's Muzzle-Loading Pistol, 25 metres"
Shooting,NAN,"Shooting Men's Rapid-Fire Pistol, 25 metres"
Shooting,NAN,"Shooting Men's Running Target, 10 metres"
Shooting,NAN,"Shooting Men's Running Target, 50 metres"
Shooting,NAN,"Shooting Men's Running Target, Double Shot"
Shooting,NAN,"Shooting Men's Running Target, Double Shot, Team"
Shooting,NAN,"Shooting Men's Running Target, Single And Double Shot"
Shooting,NAN,"Shooting Men's Running Target, Single Shot"
Shooting,NAN,"Shooting Men's Running Target, Single Shot, Team"
Shooting,NAN,Shooting Men's Skeet
Shooting,NAN,"Shooting Men's Small Bore-Rifle, Standing, 50 metres, Team"
Shooting,NAN,"Shooting Men's Small-Bore Rifle, 50 and 100 yards, Team"
Shooting,NAN,"Shooting Men's Small-Bore Rifle, Any Position, 50 metres"
Shooting,NAN,"Shooting Men's Small-Bore Rifle, Disappearing Target, 25 metres"
Shooting,NAN,"Shooting Men's Small-Bore Rifle, Disappearing Target, 25 metres, Team"
Shooting,NAN,"Shooting Men's Small-Bore Rifle, Disappearing Target, 25 yards"
Shooting,NAN,"Shooting Men's Small-Bore Rifle, Moving Target, 25 yards"
Shooting,NAN,"Shooting Men's Small-Bore Rifle, Prone, 50 and 100 yards"
Shooting,NAN,"Shooting Men's Small-Bore Rifle, Prone, 50 metres"
Shooting,NAN,"Shooting Men's Small-Bore Rifle, Prone, 50 metres, Team"
Shooting,NAN,"Shooting Men's Small-Bore Rifle, Standing, 50 metres"
Shooting,NAN,"Shooting Men's Small-Bore Rifle, Three Positions, 50 metres"
Shooting,NAN,Shooting Men's Trap
Shooting,NAN,"Shooting Men's Trap, Double Shot, 14 metres"
Shooting,NAN,"Shooting Men's Trap, Single Shot, 16 metres"
Shooting,NAN,"Shooting Men's Trap, Team"
Shooting,NAN,Shooting Men's Unknown Event
Shooting,NAN,"Shooting Mixed Free Pistol, 50 metres"
Shooting,NAN,"Shooting Mixed Free Rifle, Three Positions, 300 metres"
Shooting,NAN,"Shooting Mixed Rapid-Fire Pistol, 25 metres"
Shooting,NAN,"Shooting Mixed Running Target, 50 metres"
Shooting,NAN,Shooting Mixed Skeet
Shooting,NAN,"Shooting Mixed Small-Bore Rifle, Prone, 50 metres"
Shooting,NAN,"Shooting Mixed Small-Bore Rifle, Three Positions, 50 metres"
Shooting,NAN,Shooting Mixed Trap
Shooting,NAN,"Shooting Women's Air Pistol, 10 metres"
Shooting,NAN,"Shooting Women's Air Rifle, 10 metres"
Shooting,NAN,Shooting Women's Double Trap
Shooting,NAN,Shooting Women's Skeet
Shooting,NAN,"Shooting Women's Small-Bore Rifle, Three Positions, 50 metres"
Shooting,NAN,"Shooting Women's Sporting Pistol, 25 metres"
Shooting,NAN,Shooting Women's Trap
Shooting,NAN,Skeet Men
Shooting,NAN,Skeet Mixed Team
Shooting,NAN,Skeet Women
Shooting,NAN,Trap Men
Shooting,NAN,Trap Mixed Team
Shooting,NAN,Trap Women
Skateboarding,NAN,Men's Park
Skateboarding,NAN,Men's Street
Skateboarding,NAN,Women's Park
Skateboarding,NAN,Women's Street
Sport Climbing,NAN,Men's Boulder & Lead
Sport Climbing,NAN,Men's Combined
Sport Climbing,NAN,Men's Speed
Sport Climbing,NAN,Women's Boulder & Lead
Sport Climbing,NAN,Women's Combined
Sport Climbing,NAN,Women's Speed
Surfing,NAN,Men
Surfing,NAN,Women
Synchronized Swimming,NAN,Synchronized Swimming Women's Duet
Synchronized Swimming,NAN,Synchronized Swimming Women's Solo
Synchronized Swimming,NAN,Synchronized Swimming Women's Team
Synchronized Swimming,NaN,Synchronized Swimming Women's Duet
Table Tennis,NAN,Men's Singles
Table Tennis,NAN,Men's Team
Table Tennis,NAN,Mixed Doubles
Table Tennis,NAN,Mixed Doubles Team
Table Tennis,NAN,Table Tennis Men's Doubles
Table Tennis,NAN,Table Tennis Men's Singles
Table Tennis,NAN,Table Tennis Men's Team
Table Tennis,NAN,Table Tennis Women's Doubles
Table Tennis,NAN,Table Tennis Women's Singles
Table Tennis,NAN,Table Tennis Women's Team
Table Tennis,NAN,Women's Singles
Table Tennis,NAN,Women's Team
Taekwondo,NAN,Men +80kg
Taekwondo,NAN,Men -58kg
Taekwondo,NAN,Men -68kg
Taekwondo,NAN,Men -80kg
Taekwondo,NAN,Taekwondo Men's Featherweight
Taekwondo,NAN,Taekwondo Men's Flyweight
Taekwondo,NAN,Taekwondo Men's Heavyweight
Taekwondo,NAN,Taekwondo Men's Welterweight
Taekwondo,NAN,Taekwondo Women's Featherweight
Taekwondo,NAN,Taekwondo Women's Flyweight
Taekwondo,NAN,Taekwondo Women's Heavyweight
Taekwondo,NAN,Taekwondo Women's Welterweight
Taekwondo,NAN,Women +67kg
Taekwondo,NAN,Women -49kg
Taekwondo,NAN,Women -57kg
Taekwondo,NAN,Women -67kg
Tennis,NAN,Men's Doubles
Tennis,NAN,Men's Doubles Team
Tennis,NAN,Men's Singles
Tennis,NAN,Mixed Doubles
Tennis,NAN,Mixed Doubles Team
Tennis,NAN,Tennis Men's Doubles
Tennis,NAN,"Tennis Men's Doubles, Covered Courts"
Tennis,NAN,Tennis Men's Singles
Tennis,NAN,"Tennis Men's Singles, Covered Courts"
Tennis,NAN,Tennis Mixed Doubles
Tennis,NAN,"Tennis Mixed Doubles, Covered Courts"
Tennis,NAN,Tennis Women's Doubles
Tennis,NAN,Tennis Women's Singles
Tennis,NAN,"Tennis Women's Singles, Covered Courts"
Tennis,NAN,Women's Doubles
Tennis,NAN,Women's Doubles Team
Tennis,NAN,Women's Singles
Trampoline Gymnastics,NAN,Men
Trampoline Gymnastics,NAN,Women
Trampoline Gymnastics,NaN,Men
Trampolining,NAN,Trampolining Men's Individual
Trampolining,NAN,Trampolining Women's Individual
Trampolining,NaN,Trampolining Men's Individual
Triathlon,NAN,Men's Individual
Triathlon,NAN,Mixed Relay
Triathlon,NAN,Mixed Relay Team
Triathlon,NAN,Triathlon Men's Olympic Distance
Triathlon,NAN,Triathlon Women's Olympic Distance
Triathlon,NAN,Women's Individual
Tug-Of-War,NAN,Tug-Of-War Men's Tug-Of-War
Tug-Of-War,NaN,Tug-Of-War Men's Tug-Of-War
Volleyball,NAN,Men
Volleyball,NAN,Men Team
Volleyball,NAN,Volleyball Men's Volleyball
Volleyball,NAN,Volleyball Women's Volleyball
Volleyball,NAN,Women
Volleyball,NAN,Women Team
Weightlifting,NAN,Men's +102kg
Weightlifting,NAN,Men's +109kg
Weightlifting,NAN,Men's 102kg
Weightlifting,NAN,Men's 109kg
Weightlifting,NAN,Men's 61kg
Weightlifting,NAN,Men's 67kg
Weightlifting,NAN,Men's 73kg
Weightlifting,NAN,Men's 81kg
Weightlifting,NAN,Men's 89kg
Weightlifting,NAN,Men's 96kg
Weightlifting,NAN,Weightlifting Men's All-Around Dumbbell Contest
Weightlifting,NAN,Weightlifting Men's Bantamweight
Weightlifting,NAN,Weightlifting Men's Featherweight
Weightlifting,NAN,Weightlifting Men's Flyweight
Weightlifting,NAN,Weightlifting Men's Heavyweight
Weightlifting,NAN,Weightlifting Men's Heavyweight I
Weightlifting,NAN,Weightlifting Men's Heavyweight II
Weightlifting,NAN,Weightlifting Men's Light-Heavyweight
Weightlifting,NAN,Weightlifting Men's Lightweight
Weightlifting,NAN,Weightlifting Men's Middle-Heavyweight
Weightlifting,NAN,Weightlifting Men's Middleweight
Weightlifting,NAN,Weightlifting Men's Super-Heavyweight
Weightlifting,NAN,"Weightlifting Men's Unlimited, One Hand"
Weightlifting,NAN,"Weightlifting Men's Unlimited, Two Hands"
Weightlifting,NAN,Weightlifting Women's Featherweight
Weightlifting,NAN,Weightlifting Women's Flyweight
Weightlifting,NAN,Weightlifting Women's Heavyweight
Weightlifting,NAN,Weightlifting Women's Light-Heavyweight
Weightlifting,NAN,Weightlifting Women's Lightweight
Weightlifting,NAN,Weightlifting Women's Middleweight
Weightlifting,NAN,Weightlifting Women's Super-Heavyweight
Weightlifting,NAN,Women's +81kg
Weightlifting,NAN,Women's +87kg
Weightlifting,NAN,Women's 49kg
Weightlifting,NAN,Women's 55kg
Weightlifting,NAN,Women's 59kg
Weightlifting,NAN,Women's 64kg
Weightlifting,NAN,Women's 71kg
Weightlifting,NAN,Women's 76kg
Weightlifting,NAN,Women's 81kg
Weightlifting,NAN,Women's 87kg
Wrestling,NAN,Men's Freestyle 125kg
Wrestling,NAN,Men's Freestyle 57kg
Wrestling,NAN,Men's Freestyle 65kg
Wrestling,NAN,Men's Freestyle 74kg
Wrestling,NAN,Men's Freestyle 86kg
Wrestling,NAN,Men's Freestyle 97kg
Wrestling,NAN,Men's Greco-Roman 130kg
Wrestling,NAN,Men's Greco-Roman 60kg
Wrestling,NAN,Men's Greco-Roman 67kg
Wrestling,NAN,Men's Greco-Roman 77kg
Wrestling,NAN,Men's Greco-Roman 87kg
Wrestling,NAN,Men's Greco-Roman 97kg
Wrestling,NAN,Women's Freestyle 50kg
Wrestling,NAN,Women's Freestyle 53kg
Wrestling,NAN,Women's Freestyle 57kg
Wrestling,NAN,Women's Freestyle 62kg
Wrestling,NAN,Women's Freestyle 68kg
Wrestling,NAN,Women's Freestyle 76kg
Wrestling,NAN,"Wrestling Men's All-Around, Greco-Roman"
Wrestling,NAN,"Wrestling Men's Bantamweight, Freestyle"
Wrestling,NAN,"Wrestling Men's Bantamweight, Greco-Roman"
Wrestling,NAN,"Wrestling Men's Featherweight, Freestyle"
Wrestling,NAN,"Wrestling Men's Featherweight, Greco-Roman"
Wrestling,NAN,"Wrestling Men's Flyweight, Freestyle"
Wrestling,NAN,"Wrestling Men's Flyweight, Greco-Roman"
Wrestling,NAN,"Wrestling Men's Heavyweight, Freestyle"
Wrestling,NAN,"Wrestling Men's Heavyweight, Greco-Roman"
Wrestling,NAN,"Wrestling Men's Light-Flyweight, Freestyle"
Wrestling,NAN,"Wrestling Men's Light-Flyweight, Greco-Roman"
Wrestling,NAN,"Wrestling Men's Light-Heavyweight, Freestyle"
Wrestling,NAN,"Wrestling Men's Light-Heavyweight, Greco-Roman"
Wrestling,NAN,"Wrestling Men's Lightweight, Freestyle"
Wrestling,NAN,"Wrestling Men's Lightweight, Greco-Roman"
Wrestling,NAN,"Wrestling Men's Middleweight A, Greco-Roman"
Wrestling,NAN,"Wrestling Men's Middleweight B, Greco-Roman"
Wrestling,NAN,"Wrestling Men's Middleweight, Freestyle"
Wrestling,NAN,"Wrestling Men's Middleweight, Greco-Roman"
Wrestling,NAN,"Wrestling Men's Super-Heavyweight, Freestyle"
Wrestling,NAN,"Wrestling Men's Super-Heavyweight, Greco-Roman"
Wrestling,NAN,"Wrestling Men's Unlimited Class, Greco-Roman"
Wrestling,NAN,"Wrestling Men's Welterweight, Freestyle"
Wrestling,NAN,"Wrestling Men's Welterweight, Greco-Roman"
Wrestling,NAN,"Wrestling Women's Featherweight, Freestyle"
Wrestling,NAN,"Wrestling Women's Flyweight, Freestyle"
Wrestling,NAN,"Wrestling Women's Heavyweight, Freestyle"
Wrestling,NAN,"Wrestling Women's Light-Heavyweight, Freestyle"
Wrestling,NAN,"Wrestling Women's Lightweight, Freestyle"
Wrestling,NAN,"Wrestling Women's Middleweight, Freestyle"
